"Carimbo de data/hora","Nome de usuário","Qual seu nome completo?","Em qual área da saúde atuou ou atua?","No sistema de chamada de emergência no qual teve acesso, quantos enfermeiros ficavam no posto de enfermagem para atender a essa demanda?","No sistema que teve acesso, como era o sistema de chamada de emergência?","Quem tinha acesso ao prontuário do paciente na instituição que exerceu/exerce sua função?","Dentro da sua visão, o tablet seria de bom uso para o enfermeiro?","Os dois botões que temos no sistema(emergência e uso pessoal), seria bem usado pelos pacientes?","Gostaria de acrescentar alguma observação?"
"2024/12/05 12:24:57 PM GMT-3","cesaraugustomed96@gmail.com","Cesar Silva","Área da assistência de enfermagem ","1","Por botão.","A equipe multidisciplinar de saude que assistia o paciente ","Sim","Só testando para saber. ",""
"2024/12/05 12:26:35 PM GMT-3","laura.franciellemartins@gmail.com","Laura Francielle Martins Barreto ","Bloco cirúrgico ","4","Não temos isso no sistema ","As enfermeiras ","Sim","Sim","Não "
"2024/12/05 12:28:04 PM GMT-3","joaomarcos.enfer@gmail.com","João Marcos Sander da Silva ","TEC. Enfermagem ","Por conta, nenhum. Quando apitava demandavam pro TEC responsável pelo paciente.","Era um painel no posto de enfermagem, onde quando os paciente precisavam apertavam um botão e o painel piscava em vermelho e emitia sons, assim o TEC desativava quando ia atender.","Todos os funcionários, porém com quantidades de informações variadas, exp: um TEC tem acesso a menos informações doq um médico.","Não","Sim","."
"2024/12/05 4:07:31 PM GMT-3","laurinhabonformagio2005@gmail.com","Laura Bonformágio Silveira ","Enfermagem ","Em média 4 enfermeiros ","Apenas um botão que emitia um alerta sonoro que era desativado somente quando o enfermeiro chegava ao leito e desligava o sistema.

","Equipe de enfermagem, médicos, fisioterapeutas e nutricionistas (caso necessário psicólogos)","Sim","Os dois botões (emergência e uso pessoal) têm tudo para ser bem usados pelos pacientes, desde que eles saibam direitinho para que serve cada um. Se forem fáceis de alcançar e o atendimento for rápido, os pacientes vão confiar no sistema e usá-lo sem problemas, ajudando a organizar melhor as prioridades.

","Uma sugestão interessante seria incluir um sistema de feedback dos pacientes. Além disso, implementar treinamentos regulares para a equipe sobre o uso do sistema pode garantir que ele funcione da melhor maneira possível.
"
"2024/12/05 4:09:15 PM GMT-3","pedrojuniorenfermagem@gmail.com","Pedro Júnior Rodrigues Soares ","Enfermeiro ","03","Telefone próprio (aparelho) disponibilizado em cada andar, sistema de auto falantes.","Equipe assistencial e Auditoria Interna. ","Sim","Sim ","Não. "
"2024/12/05 4:48:19 PM GMT-3","gianeantero@gmail.com","Giane Faustina Antero ","Supervisora de atendimento ","2","Campainha ","Enfermeira, técnicos de enfermagem, médicos, secretaria.","Sim","Sim",""
"2024/12/06 9:43:42 AM GMT-3","lnjardim@bol.com.br","Eliene Rocha","Pronto Atendimento ","Um","A enfermeira da classificação que sinalizava ou às vezes a técnica ","Todos que trabalham no setor ","Sim","Sim","Não "
"2024/12/06 12:41:14 PM GMT-3","juuhanunciacaosantos@gmail.com","Júlia Anunciação Santos ","Técnico de enfermagem ","2","Através de um botão no leito do paciente ","O enfermeiro e o médico ","Sim","Sim",""
"2024/12/06 9:23:51 PM GMT-3","carollyne.vreis@gmail.com","Carollyne Cristina Vilela Reis ","Técnico em enfermagem e auxiliar em farmácia ","Normalmente, os leitos sao escalados para cada tecnico responsavel para um numero × de leitos. Entao nao da para se dizer ao certo, depende da quantidade de leitos, da uniao da equipe, de quantos tec tem de plentao...","Um botão ficava posicionado próximo ao leitos do paciente, onde, quando é necessário alguma ajuda ele aperta. Assim indicará um sinal sonoro e de áudio no posto de enfermagem indicando qual leito esta precisando de ajuda. Para desativa-lo é preciso apertar o botão duas vezes seguidas.","Toda a equipe de enfermagem, incluindo medicos e as vezes a farmácia para atender às medicações necessárias (receitas)","Sim","De maneira bem esclarecida e com o entendimento de para que cada um serve, seria sim. Mas ainda acho que alguns pacientes fariam o uso de maneira indevida.",""
"2024/12/07 7:22:09 PM GMT-3","fabyfcl.fc@gmail.com","Fabiana Cristina Lopes ","Técnico em enfermagem ","1","Companhia,  monitor","Médicos, enfermeiro","Sim","Sim",""